prompt,answer,reasoning
"
## You are an expert on statistics. Your task is to estimate the percentile of a number within a specific distribution. Answer with just a numerical response from 0 to 100. Make sure your final answer is enclosed by xml tags <answer> and </answer>

## Consider the following distribution:


  Distribution Type: Gumbel Distribution
  Characteristics: Often used to model the distribution of extreme values.
  Location: 43788.542 (Centers the distribution.)
  Scale: 35382.156 (Controls the spread of the distribution.)


## Here is your question:
Question:
What is the percentile of the value 0.0 within the provided distribution?
Answer:
",0,<answer>0</answer>
"
## You are an expert on statistics. Your task is to estimate the percentile of a number within a specific distribution. Answer with just a numerical response from 0 to 100. Make sure your final answer is enclosed by xml tags <answer> and </answer>

## Consider the following distribution:


  Distribution Type: Gumbel Distribution
  Characteristics: Often used to model the distribution of extreme values.
  Location: 43788.542 (Centers the distribution.)
  Scale: 35382.156 (Controls the spread of the distribution.)


## Here is your question:
Question:
What is the percentile of the value 0.0 within the provided distribution?
Answer:
",0,<answer>0</answer>
"
## You are an expert on statistics. Your task is to estimate the percentile of a number within a specific distribution. Answer with just a numerical response from 0 to 100. Make sure your final answer is enclosed by xml tags <answer> and </answer>

## Consider the following distribution:


  Distribution Type: Gumbel Distribution
  Characteristics: Often used to model the distribution of extreme values.
  Location: 43788.542 (Centers the distribution.)
  Scale: 35382.156 (Controls the spread of the distribution.)


## Here is your question:
Question:
What is the percentile of the value 0.0 within the provided distribution?
Answer:
",0,<answer>0</answer>
"
## You are an expert on statistics. Your task is to estimate the percentile of a number within a specific distribution. Answer with just a numerical response from 0 to 100. Make sure your final answer is enclosed by xml tags <answer> and </answer>

## Consider the following distribution:


  Distribution Type: Gumbel Distribution
  Characteristics: Often used to model the distribution of extreme values.
  Location: 43788.542 (Centers the distribution.)
  Scale: 35382.156 (Controls the spread of the distribution.)


## Here is your question:
Question:
What is the percentile of the value 0.0 within the provided distribution?
Answer:
",0,<answer>0</answer>
"
## You are an expert on statistics. Your task is to estimate the percentile of a number within a specific distribution. Answer with just a numerical response from 0 to 100. Make sure your final answer is enclosed by xml tags <answer> and </answer>

## Consider the following distribution:


  Distribution Type: Gumbel Distribution
  Characteristics: Often used to model the distribution of extreme values.
  Location: 43788.542 (Centers the distribution.)
  Scale: 35382.156 (Controls the spread of the distribution.)


## Here is your question:
Question:
What is the percentile of the value 0.0 within the provided distribution?
Answer:
",0,<answer>0</answer>
"
## You are an expert on statistics. Your task is to estimate the percentile of a number within a specific distribution. Answer with just a numerical response from 0 to 100. Make sure your final answer is enclosed by xml tags <answer> and </answer>

## Consider the following distribution:


  Distribution Type: Gumbel Distribution
  Characteristics: Often used to model the distribution of extreme values.
  Location: 43788.542 (Centers the distribution.)
  Scale: 35382.156 (Controls the spread of the distribution.)


## Here is your question:
Question:
What is the percentile of the value 0.0 within the provided distribution?
Answer:
",0,<answer>0</answer>
"
## You are an expert on statistics. Your task is to estimate the percentile of a number within a specific distribution. Answer with just a numerical response from 0 to 100. Make sure your final answer is enclosed by xml tags <answer> and </answer>

## Consider the following distribution:


  Distribution Type: Gumbel Distribution
  Characteristics: Often used to model the distribution of extreme values.
  Location: 43788.542 (Centers the distribution.)
  Scale: 35382.156 (Controls the spread of the distribution.)


## Here is your question:
Question:
What is the percentile of the value 0.0 within the provided distribution?
Answer:
",0,<answer>0</answer>
"
## You are an expert on statistics. Your task is to estimate the percentile of a number within a specific distribution. Answer with just a numerical response from 0 to 100. Make sure your final answer is enclosed by xml tags <answer> and </answer>

## Consider the following distribution:


  Distribution Type: Gumbel Distribution
  Characteristics: Often used to model the distribution of extreme values.
  Location: 43788.542 (Centers the distribution.)
  Scale: 35382.156 (Controls the spread of the distribution.)


## Here is your question:
Question:
What is the percentile of the value 0.0 within the provided distribution?
Answer:
",0,<answer>0</answer>
"
## You are an expert on statistics. Your task is to estimate the percentile of a number within a specific distribution. Answer with just a numerical response from 0 to 100. Make sure your final answer is enclosed by xml tags <answer> and </answer>

## Consider the following distribution:


  Distribution Type: Gumbel Distribution
  Characteristics: Often used to model the distribution of extreme values.
  Location: 43788.542 (Centers the distribution.)
  Scale: 35382.156 (Controls the spread of the distribution.)


## Here is your question:
Question:
What is the percentile of the value 0.0 within the provided distribution?
Answer:
",0,<answer>0</answer>
"
## You are an expert on statistics. Your task is to estimate the percentile of a number within a specific distribution. Answer with just a numerical response from 0 to 100. Make sure your final answer is enclosed by xml tags <answer> and </answer>

## Consider the following distribution:


  Distribution Type: Gumbel Distribution
  Characteristics: Often used to model the distribution of extreme values.
  Location: 43788.542 (Centers the distribution.)
  Scale: 35382.156 (Controls the spread of the distribution.)


## Here is your question:
Question:
What is the percentile of the value 0.0 within the provided distribution?
Answer:
",0,<answer>0</answer>
"
## You are an expert on statistics. Your task is to estimate the percentile of a number within a specific distribution. Answer with just a numerical response from 0 to 100. Make sure your final answer is enclosed by xml tags <answer> and </answer>

## Consider the following distribution:


  Distribution Type: Gumbel Distribution
  Characteristics: Often used to model the distribution of extreme values.
  Location: 43788.542 (Centers the distribution.)
  Scale: 35382.156 (Controls the spread of the distribution.)


## Here is your question:
Question:
What is the percentile of the value 14400.0 within the provided distribution?
Answer:
",0.05,<answer>0.05</answer>
"
## You are an expert on statistics. Your task is to estimate the percentile of a number within a specific distribution. Answer with just a numerical response from 0 to 100. Make sure your final answer is enclosed by xml tags <answer> and </answer>

## Consider the following distribution:


  Distribution Type: Gumbel Distribution
  Characteristics: Often used to model the distribution of extreme values.
  Location: 43788.542 (Centers the distribution.)
  Scale: 35382.156 (Controls the spread of the distribution.)


## Here is your question:
Question:
What is the percentile of the value 14400.0 within the provided distribution?
Answer:
",2.27,<answer>2.27</answer>
"
## You are an expert on statistics. Your task is to estimate the percentile of a number within a specific distribution. Answer with just a numerical response from 0 to 100. Make sure your final answer is enclosed by xml tags <answer> and </answer>

## Consider the following distribution:


  Distribution Type: Gumbel Distribution
  Characteristics: Often used to model the distribution of extreme values.
  Location: 43788.542 (Centers the distribution.)
  Scale: 35382.156 (Controls the spread of the distribution.)


## Here is your question:
Question:
What is the percentile of the value 14400.0 within the provided distribution?
Answer:
",0,<answer>0</answer>
"
## You are an expert on statistics. Your task is to estimate the percentile of a number within a specific distribution. Answer with just a numerical response from 0 to 100. Make sure your final answer is enclosed by xml tags <answer> and </answer>

## Consider the following distribution:


  Distribution Type: Gumbel Distribution
  Characteristics: Often used to model the distribution of extreme values.
  Location: 43788.542 (Centers the distribution.)
  Scale: 35382.156 (Controls the spread of the distribution.)


## Here is your question:
Question:
What is the percentile of the value 14400.0 within the provided distribution?
Answer:
",2.29,<answer>2.29</answer>
"
## You are an expert on statistics. Your task is to estimate the percentile of a number within a specific distribution. Answer with just a numerical response from 0 to 100. Make sure your final answer is enclosed by xml tags <answer> and </answer>

## Consider the following distribution:


  Distribution Type: Gumbel Distribution
  Characteristics: Often used to model the distribution of extreme values.
  Location: 43788.542 (Centers the distribution.)
  Scale: 35382.156 (Controls the spread of the distribution.)


## Here is your question:
Question:
What is the percentile of the value 14400.0 within the provided distribution?
Answer:
",0,<answer>0</answer>
"
## You are an expert on statistics. Your task is to estimate the percentile of a number within a specific distribution. Answer with just a numerical response from 0 to 100. Make sure your final answer is enclosed by xml tags <answer> and </answer>

## Consider the following distribution:


  Distribution Type: Gumbel Distribution
  Characteristics: Often used to model the distribution of extreme values.
  Location: 43788.542 (Centers the distribution.)
  Scale: 35382.156 (Controls the spread of the distribution.)


## Here is your question:
Question:
What is the percentile of the value 14400.0 within the provided distribution?
Answer:
",0,<answer>0</answer>
"
## You are an expert on statistics. Your task is to estimate the percentile of a number within a specific distribution. Answer with just a numerical response from 0 to 100. Make sure your final answer is enclosed by xml tags <answer> and </answer>

## Consider the following distribution:


  Distribution Type: Gumbel Distribution
  Characteristics: Often used to model the distribution of extreme values.
  Location: 43788.542 (Centers the distribution.)
  Scale: 35382.156 (Controls the spread of the distribution.)


## Here is your question:
Question:
What is the percentile of the value 14400.0 within the provided distribution?
Answer:
",0,<answer>0</answer>
"
## You are an expert on statistics. Your task is to estimate the percentile of a number within a specific distribution. Answer with just a numerical response from 0 to 100. Make sure your final answer is enclosed by xml tags <answer> and </answer>

## Consider the following distribution:


  Distribution Type: Gumbel Distribution
  Characteristics: Often used to model the distribution of extreme values.
  Location: 43788.542 (Centers the distribution.)
  Scale: 35382.156 (Controls the spread of the distribution.)


## Here is your question:
Question:
What is the percentile of the value 14400.0 within the provided distribution?
Answer:
",0,<answer>0</answer>
"
## You are an expert on statistics. Your task is to estimate the percentile of a number within a specific distribution. Answer with just a numerical response from 0 to 100. Make sure your final answer is enclosed by xml tags <answer> and </answer>

## Consider the following distribution:


  Distribution Type: Gumbel Distribution
  Characteristics: Often used to model the distribution of extreme values.
  Location: 43788.542 (Centers the distribution.)
  Scale: 35382.156 (Controls the spread of the distribution.)


## Here is your question:
Question:
What is the percentile of the value 14400.0 within the provided distribution?
Answer:
",1.53,<answer>1.53</answer>
"
## You are an expert on statistics. Your task is to estimate the percentile of a number within a specific distribution. Answer with just a numerical response from 0 to 100. Make sure your final answer is enclosed by xml tags <answer> and </answer>

## Consider the following distribution:


  Distribution Type: Gumbel Distribution
  Characteristics: Often used to model the distribution of extreme values.
  Location: 43788.542 (Centers the distribution.)
  Scale: 35382.156 (Controls the spread of the distribution.)


## Here is your question:
Question:
What is the percentile of the value 14400.0 within the provided distribution?
Answer:
",0,<answer>0</answer>
"
## You are an expert on statistics. Your task is to estimate the percentile of a number within a specific distribution. Answer with just a numerical response from 0 to 100. Make sure your final answer is enclosed by xml tags <answer> and </answer>

## Consider the following distribution:


  Distribution Type: Gumbel Distribution
  Characteristics: Often used to model the distribution of extreme values.
  Location: 43788.542 (Centers the distribution.)
  Scale: 35382.156 (Controls the spread of the distribution.)


## Here is your question:
Question:
What is the percentile of the value 24500.0 within the provided distribution?
Answer:
",11.56,<answer>11.56</answer>
"
## You are an expert on statistics. Your task is to estimate the percentile of a number within a specific distribution. Answer with just a numerical response from 0 to 100. Make sure your final answer is enclosed by xml tags <answer> and </answer>

## Consider the following distribution:


  Distribution Type: Gumbel Distribution
  Characteristics: Often used to model the distribution of extreme values.
  Location: 43788.542 (Centers the distribution.)
  Scale: 35382.156 (Controls the spread of the distribution.)


## Here is your question:
Question:
What is the percentile of the value 24500.0 within the provided distribution?
Answer:
",11,<answer>11</answer>
"
## You are an expert on statistics. Your task is to estimate the percentile of a number within a specific distribution. Answer with just a numerical response from 0 to 100. Make sure your final answer is enclosed by xml tags <answer> and </answer>

## Consider the following distribution:


  Distribution Type: Gumbel Distribution
  Characteristics: Often used to model the distribution of extreme values.
  Location: 43788.542 (Centers the distribution.)
  Scale: 35382.156 (Controls the spread of the distribution.)


## Here is your question:
Question:
What is the percentile of the value 24500.0 within the provided distribution?
Answer:
",14,<answer>14</answer>
"
## You are an expert on statistics. Your task is to estimate the percentile of a number within a specific distribution. Answer with just a numerical response from 0 to 100. Make sure your final answer is enclosed by xml tags <answer> and </answer>

## Consider the following distribution:


  Distribution Type: Gumbel Distribution
  Characteristics: Often used to model the distribution of extreme values.
  Location: 43788.542 (Centers the distribution.)
  Scale: 35382.156 (Controls the spread of the distribution.)


## Here is your question:
Question:
What is the percentile of the value 24500.0 within the provided distribution?
Answer:
",12,<answer>12</answer>
"
## You are an expert on statistics. Your task is to estimate the percentile of a number within a specific distribution. Answer with just a numerical response from 0 to 100. Make sure your final answer is enclosed by xml tags <answer> and </answer>

## Consider the following distribution:


  Distribution Type: Gumbel Distribution
  Characteristics: Often used to model the distribution of extreme values.
  Location: 43788.542 (Centers the distribution.)
  Scale: 35382.156 (Controls the spread of the distribution.)


## Here is your question:
Question:
What is the percentile of the value 24500.0 within the provided distribution?
Answer:
",11,<answer>11</answer>
"
## You are an expert on statistics. Your task is to estimate the percentile of a number within a specific distribution. Answer with just a numerical response from 0 to 100. Make sure your final answer is enclosed by xml tags <answer> and </answer>

## Consider the following distribution:


  Distribution Type: Gumbel Distribution
  Characteristics: Often used to model the distribution of extreme values.
  Location: 43788.542 (Centers the distribution.)
  Scale: 35382.156 (Controls the spread of the distribution.)


## Here is your question:
Question:
What is the percentile of the value 24500.0 within the provided distribution?
Answer:
",10,<answer>10</answer>
"
## You are an expert on statistics. Your task is to estimate the percentile of a number within a specific distribution. Answer with just a numerical response from 0 to 100. Make sure your final answer is enclosed by xml tags <answer> and </answer>

## Consider the following distribution:


  Distribution Type: Gumbel Distribution
  Characteristics: Often used to model the distribution of extreme values.
  Location: 43788.542 (Centers the distribution.)
  Scale: 35382.156 (Controls the spread of the distribution.)


## Here is your question:
Question:
What is the percentile of the value 24500.0 within the provided distribution?
Answer:
",9.90,<answer>9.90</answer>
"
## You are an expert on statistics. Your task is to estimate the percentile of a number within a specific distribution. Answer with just a numerical response from 0 to 100. Make sure your final answer is enclosed by xml tags <answer> and </answer>

## Consider the following distribution:


  Distribution Type: Gumbel Distribution
  Characteristics: Often used to model the distribution of extreme values.
  Location: 43788.542 (Centers the distribution.)
  Scale: 35382.156 (Controls the spread of the distribution.)


## Here is your question:
Question:
What is the percentile of the value 24500.0 within the provided distribution?
Answer:
",18,<answer>18</answer>
"
## You are an expert on statistics. Your task is to estimate the percentile of a number within a specific distribution. Answer with just a numerical response from 0 to 100. Make sure your final answer is enclosed by xml tags <answer> and </answer>

## Consider the following distribution:


  Distribution Type: Gumbel Distribution
  Characteristics: Often used to model the distribution of extreme values.
  Location: 43788.542 (Centers the distribution.)
  Scale: 35382.156 (Controls the spread of the distribution.)


## Here is your question:
Question:
What is the percentile of the value 24500.0 within the provided distribution?
Answer:
",10,<answer>10</answer>
"
## You are an expert on statistics. Your task is to estimate the percentile of a number within a specific distribution. Answer with just a numerical response from 0 to 100. Make sure your final answer is enclosed by xml tags <answer> and </answer>

## Consider the following distribution:


  Distribution Type: Gumbel Distribution
  Characteristics: Often used to model the distribution of extreme values.
  Location: 43788.542 (Centers the distribution.)
  Scale: 35382.156 (Controls the spread of the distribution.)


## Here is your question:
Question:
What is the percentile of the value 24500.0 within the provided distribution?
Answer:
",14.03,<answer>14.03</answer>
"
## You are an expert on statistics. Your task is to estimate the percentile of a number within a specific distribution. Answer with just a numerical response from 0 to 100. Make sure your final answer is enclosed by xml tags <answer> and </answer>

## Consider the following distribution:


  Distribution Type: Gumbel Distribution
  Characteristics: Often used to model the distribution of extreme values.
  Location: 43788.542 (Centers the distribution.)
  Scale: 35382.156 (Controls the spread of the distribution.)


## Here is your question:
Question:
What is the percentile of the value 33600.0 within the provided distribution?
Answer:
",20,<answer>20</answer>
"
## You are an expert on statistics. Your task is to estimate the percentile of a number within a specific distribution. Answer with just a numerical response from 0 to 100. Make sure your final answer is enclosed by xml tags <answer> and </answer>

## Consider the following distribution:


  Distribution Type: Gumbel Distribution
  Characteristics: Often used to model the distribution of extreme values.
  Location: 43788.542 (Centers the distribution.)
  Scale: 35382.156 (Controls the spread of the distribution.)


## Here is your question:
Question:
What is the percentile of the value 33600.0 within the provided distribution?
Answer:
",15,<answer>15</answer>
"
## You are an expert on statistics. Your task is to estimate the percentile of a number within a specific distribution. Answer with just a numerical response from 0 to 100. Make sure your final answer is enclosed by xml tags <answer> and </answer>

## Consider the following distribution:


  Distribution Type: Gumbel Distribution
  Characteristics: Often used to model the distribution of extreme values.
  Location: 43788.542 (Centers the distribution.)
  Scale: 35382.156 (Controls the spread of the distribution.)


## Here is your question:
Question:
What is the percentile of the value 33600.0 within the provided distribution?
Answer:
",20,<answer>20</answer>
"
## You are an expert on statistics. Your task is to estimate the percentile of a number within a specific distribution. Answer with just a numerical response from 0 to 100. Make sure your final answer is enclosed by xml tags <answer> and </answer>

## Consider the following distribution:


  Distribution Type: Gumbel Distribution
  Characteristics: Often used to model the distribution of extreme values.
  Location: 43788.542 (Centers the distribution.)
  Scale: 35382.156 (Controls the spread of the distribution.)


## Here is your question:
Question:
What is the percentile of the value 33600.0 within the provided distribution?
Answer:
",11,<answer>11</answer>
"
## You are an expert on statistics. Your task is to estimate the percentile of a number within a specific distribution. Answer with just a numerical response from 0 to 100. Make sure your final answer is enclosed by xml tags <answer> and </answer>

## Consider the following distribution:


  Distribution Type: Gumbel Distribution
  Characteristics: Often used to model the distribution of extreme values.
  Location: 43788.542 (Centers the distribution.)
  Scale: 35382.156 (Controls the spread of the distribution.)


## Here is your question:
Question:
What is the percentile of the value 33600.0 within the provided distribution?
Answer:
",11,<answer>11</answer>
"
## You are an expert on statistics. Your task is to estimate the percentile of a number within a specific distribution. Answer with just a numerical response from 0 to 100. Make sure your final answer is enclosed by xml tags <answer> and </answer>

## Consider the following distribution:


  Distribution Type: Gumbel Distribution
  Characteristics: Often used to model the distribution of extreme values.
  Location: 43788.542 (Centers the distribution.)
  Scale: 35382.156 (Controls the spread of the distribution.)


## Here is your question:
Question:
What is the percentile of the value 33600.0 within the provided distribution?
Answer:
",22,<answer>22</answer>
"
## You are an expert on statistics. Your task is to estimate the percentile of a number within a specific distribution. Answer with just a numerical response from 0 to 100. Make sure your final answer is enclosed by xml tags <answer> and </answer>

## Consider the following distribution:


  Distribution Type: Gumbel Distribution
  Characteristics: Often used to model the distribution of extreme values.
  Location: 43788.542 (Centers the distribution.)
  Scale: 35382.156 (Controls the spread of the distribution.)


## Here is your question:
Question:
What is the percentile of the value 33600.0 within the provided distribution?
Answer:
",11,<answer>11</answer>
"
## You are an expert on statistics. Your task is to estimate the percentile of a number within a specific distribution. Answer with just a numerical response from 0 to 100. Make sure your final answer is enclosed by xml tags <answer> and </answer>

## Consider the following distribution:


  Distribution Type: Gumbel Distribution
  Characteristics: Often used to model the distribution of extreme values.
  Location: 43788.542 (Centers the distribution.)
  Scale: 35382.156 (Controls the spread of the distribution.)


## Here is your question:
Question:
What is the percentile of the value 33600.0 within the provided distribution?
Answer:
",20,<answer>20</answer>
"
## You are an expert on statistics. Your task is to estimate the percentile of a number within a specific distribution. Answer with just a numerical response from 0 to 100. Make sure your final answer is enclosed by xml tags <answer> and </answer>

## Consider the following distribution:


  Distribution Type: Gumbel Distribution
  Characteristics: Often used to model the distribution of extreme values.
  Location: 43788.542 (Centers the distribution.)
  Scale: 35382.156 (Controls the spread of the distribution.)


## Here is your question:
Question:
What is the percentile of the value 33600.0 within the provided distribution?
Answer:
",16,<answer>16</answer>
"
## You are an expert on statistics. Your task is to estimate the percentile of a number within a specific distribution. Answer with just a numerical response from 0 to 100. Make sure your final answer is enclosed by xml tags <answer> and </answer>

## Consider the following distribution:


  Distribution Type: Gumbel Distribution
  Characteristics: Often used to model the distribution of extreme values.
  Location: 43788.542 (Centers the distribution.)
  Scale: 35382.156 (Controls the spread of the distribution.)


## Here is your question:
Question:
What is the percentile of the value 33600.0 within the provided distribution?
Answer:
",12,<answer>12</answer>
"
## You are an expert on statistics. Your task is to estimate the percentile of a number within a specific distribution. Answer with just a numerical response from 0 to 100. Make sure your final answer is enclosed by xml tags <answer> and </answer>

## Consider the following distribution:


  Distribution Type: Gumbel Distribution
  Characteristics: Often used to model the distribution of extreme values.
  Location: 43788.542 (Centers the distribution.)
  Scale: 35382.156 (Controls the spread of the distribution.)


## Here is your question:
Question:
What is the percentile of the value 42900.0 within the provided distribution?
Answer:
",46,<answer>46</answer>
"
## You are an expert on statistics. Your task is to estimate the percentile of a number within a specific distribution. Answer with just a numerical response from 0 to 100. Make sure your final answer is enclosed by xml tags <answer> and </answer>

## Consider the following distribution:


  Distribution Type: Gumbel Distribution
  Characteristics: Often used to model the distribution of extreme values.
  Location: 43788.542 (Centers the distribution.)
  Scale: 35382.156 (Controls the spread of the distribution.)


## Here is your question:
Question:
What is the percentile of the value 42900.0 within the provided distribution?
Answer:
",46,<answer>46</answer>
"
## You are an expert on statistics. Your task is to estimate the percentile of a number within a specific distribution. Answer with just a numerical response from 0 to 100. Make sure your final answer is enclosed by xml tags <answer> and </answer>

## Consider the following distribution:


  Distribution Type: Gumbel Distribution
  Characteristics: Often used to model the distribution of extreme values.
  Location: 43788.542 (Centers the distribution.)
  Scale: 35382.156 (Controls the spread of the distribution.)


## Here is your question:
Question:
What is the percentile of the value 42900.0 within the provided distribution?
Answer:
",46,<answer>46</answer>
"
## You are an expert on statistics. Your task is to estimate the percentile of a number within a specific distribution. Answer with just a numerical response from 0 to 100. Make sure your final answer is enclosed by xml tags <answer> and </answer>

## Consider the following distribution:


  Distribution Type: Gumbel Distribution
  Characteristics: Often used to model the distribution of extreme values.
  Location: 43788.542 (Centers the distribution.)
  Scale: 35382.156 (Controls the spread of the distribution.)


## Here is your question:
Question:
What is the percentile of the value 42900.0 within the provided distribution?
Answer:
",47,<answer>47</answer>
"
## You are an expert on statistics. Your task is to estimate the percentile of a number within a specific distribution. Answer with just a numerical response from 0 to 100. Make sure your final answer is enclosed by xml tags <answer> and </answer>

## Consider the following distribution:


  Distribution Type: Gumbel Distribution
  Characteristics: Often used to model the distribution of extreme values.
  Location: 43788.542 (Centers the distribution.)
  Scale: 35382.156 (Controls the spread of the distribution.)


## Here is your question:
Question:
What is the percentile of the value 42900.0 within the provided distribution?
Answer:
",23,<answer>23</answer>
"
## You are an expert on statistics. Your task is to estimate the percentile of a number within a specific distribution. Answer with just a numerical response from 0 to 100. Make sure your final answer is enclosed by xml tags <answer> and </answer>

## Consider the following distribution:


  Distribution Type: Gumbel Distribution
  Characteristics: Often used to model the distribution of extreme values.
  Location: 43788.542 (Centers the distribution.)
  Scale: 35382.156 (Controls the spread of the distribution.)


## Here is your question:
Question:
What is the percentile of the value 42900.0 within the provided distribution?
Answer:
",46,<answer>46</answer>
"
## You are an expert on statistics. Your task is to estimate the percentile of a number within a specific distribution. Answer with just a numerical response from 0 to 100. Make sure your final answer is enclosed by xml tags <answer> and </answer>

## Consider the following distribution:


  Distribution Type: Gumbel Distribution
  Characteristics: Often used to model the distribution of extreme values.
  Location: 43788.542 (Centers the distribution.)
  Scale: 35382.156 (Controls the spread of the distribution.)


## Here is your question:
Question:
What is the percentile of the value 42900.0 within the provided distribution?
Answer:
",46,<answer>46</answer>
"
## You are an expert on statistics. Your task is to estimate the percentile of a number within a specific distribution. Answer with just a numerical response from 0 to 100. Make sure your final answer is enclosed by xml tags <answer> and </answer>

## Consider the following distribution:


  Distribution Type: Gumbel Distribution
  Characteristics: Often used to model the distribution of extreme values.
  Location: 43788.542 (Centers the distribution.)
  Scale: 35382.156 (Controls the spread of the distribution.)


## Here is your question:
Question:
What is the percentile of the value 42900.0 within the provided distribution?
Answer:
",46,<answer>46</answer>
"
## You are an expert on statistics. Your task is to estimate the percentile of a number within a specific distribution. Answer with just a numerical response from 0 to 100. Make sure your final answer is enclosed by xml tags <answer> and </answer>

## Consider the following distribution:


  Distribution Type: Gumbel Distribution
  Characteristics: Often used to model the distribution of extreme values.
  Location: 43788.542 (Centers the distribution.)
  Scale: 35382.156 (Controls the spread of the distribution.)


## Here is your question:
Question:
What is the percentile of the value 42900.0 within the provided distribution?
Answer:
",47,<answer>47</answer>
"
## You are an expert on statistics. Your task is to estimate the percentile of a number within a specific distribution. Answer with just a numerical response from 0 to 100. Make sure your final answer is enclosed by xml tags <answer> and </answer>

## Consider the following distribution:


  Distribution Type: Gumbel Distribution
  Characteristics: Often used to model the distribution of extreme values.
  Location: 43788.542 (Centers the distribution.)
  Scale: 35382.156 (Controls the spread of the distribution.)


## Here is your question:
Question:
What is the percentile of the value 42900.0 within the provided distribution?
Answer:
",45,<answer>45</answer>
"
## You are an expert on statistics. Your task is to estimate the percentile of a number within a specific distribution. Answer with just a numerical response from 0 to 100. Make sure your final answer is enclosed by xml tags <answer> and </answer>

## Consider the following distribution:


  Distribution Type: Gumbel Distribution
  Characteristics: Often used to model the distribution of extreme values.
  Location: 43788.542 (Centers the distribution.)
  Scale: 35382.156 (Controls the spread of the distribution.)


## Here is your question:
Question:
What is the percentile of the value 52800.0 within the provided distribution?
Answer:
",65,<answer>65</answer>
"
## You are an expert on statistics. Your task is to estimate the percentile of a number within a specific distribution. Answer with just a numerical response from 0 to 100. Make sure your final answer is enclosed by xml tags <answer> and </answer>

## Consider the following distribution:


  Distribution Type: Gumbel Distribution
  Characteristics: Often used to model the distribution of extreme values.
  Location: 43788.542 (Centers the distribution.)
  Scale: 35382.156 (Controls the spread of the distribution.)


## Here is your question:
Question:
What is the percentile of the value 52800.0 within the provided distribution?
Answer:
",39,<answer>39</answer>
"
## You are an expert on statistics. Your task is to estimate the percentile of a number within a specific distribution. Answer with just a numerical response from 0 to 100. Make sure your final answer is enclosed by xml tags <answer> and </answer>

## Consider the following distribution:


  Distribution Type: Gumbel Distribution
  Characteristics: Often used to model the distribution of extreme values.
  Location: 43788.542 (Centers the distribution.)
  Scale: 35382.156 (Controls the spread of the distribution.)


## Here is your question:
Question:
What is the percentile of the value 52800.0 within the provided distribution?
Answer:
",68,<answer>68</answer>
"
## You are an expert on statistics. Your task is to estimate the percentile of a number within a specific distribution. Answer with just a numerical response from 0 to 100. Make sure your final answer is enclosed by xml tags <answer> and </answer>

## Consider the following distribution:


  Distribution Type: Gumbel Distribution
  Characteristics: Often used to model the distribution of extreme values.
  Location: 43788.542 (Centers the distribution.)
  Scale: 35382.156 (Controls the spread of the distribution.)


## Here is your question:
Question:
What is the percentile of the value 52800.0 within the provided distribution?
Answer:
",57,<answer>57</answer>
"
## You are an expert on statistics. Your task is to estimate the percentile of a number within a specific distribution. Answer with just a numerical response from 0 to 100. Make sure your final answer is enclosed by xml tags <answer> and </answer>

## Consider the following distribution:


  Distribution Type: Gumbel Distribution
  Characteristics: Often used to model the distribution of extreme values.
  Location: 43788.542 (Centers the distribution.)
  Scale: 35382.156 (Controls the spread of the distribution.)


## Here is your question:
Question:
What is the percentile of the value 52800.0 within the provided distribution?
Answer:
",28,<answer>28</answer>
"
## You are an expert on statistics. Your task is to estimate the percentile of a number within a specific distribution. Answer with just a numerical response from 0 to 100. Make sure your final answer is enclosed by xml tags <answer> and </answer>

## Consider the following distribution:


  Distribution Type: Gumbel Distribution
  Characteristics: Often used to model the distribution of extreme values.
  Location: 43788.542 (Centers the distribution.)
  Scale: 35382.156 (Controls the spread of the distribution.)


## Here is your question:
Question:
What is the percentile of the value 52800.0 within the provided distribution?
Answer:
",57,<answer>57</answer>
"
## You are an expert on statistics. Your task is to estimate the percentile of a number within a specific distribution. Answer with just a numerical response from 0 to 100. Make sure your final answer is enclosed by xml tags <answer> and </answer>

## Consider the following distribution:


  Distribution Type: Gumbel Distribution
  Characteristics: Often used to model the distribution of extreme values.
  Location: 43788.542 (Centers the distribution.)
  Scale: 35382.156 (Controls the spread of the distribution.)


## Here is your question:
Question:
What is the percentile of the value 52800.0 within the provided distribution?
Answer:
",75,<answer>75</answer>
"
## You are an expert on statistics. Your task is to estimate the percentile of a number within a specific distribution. Answer with just a numerical response from 0 to 100. Make sure your final answer is enclosed by xml tags <answer> and </answer>

## Consider the following distribution:


  Distribution Type: Gumbel Distribution
  Characteristics: Often used to model the distribution of extreme values.
  Location: 43788.542 (Centers the distribution.)
  Scale: 35382.156 (Controls the spread of the distribution.)


## Here is your question:
Question:
What is the percentile of the value 52800.0 within the provided distribution?
Answer:
",66,<answer>66</answer>
"
## You are an expert on statistics. Your task is to estimate the percentile of a number within a specific distribution. Answer with just a numerical response from 0 to 100. Make sure your final answer is enclosed by xml tags <answer> and </answer>

## Consider the following distribution:


  Distribution Type: Gumbel Distribution
  Characteristics: Often used to model the distribution of extreme values.
  Location: 43788.542 (Centers the distribution.)
  Scale: 35382.156 (Controls the spread of the distribution.)


## Here is your question:
Question:
What is the percentile of the value 52800.0 within the provided distribution?
Answer:
",67,<answer>67</answer>
"
## You are an expert on statistics. Your task is to estimate the percentile of a number within a specific distribution. Answer with just a numerical response from 0 to 100. Make sure your final answer is enclosed by xml tags <answer> and </answer>

## Consider the following distribution:


  Distribution Type: Gumbel Distribution
  Characteristics: Often used to model the distribution of extreme values.
  Location: 43788.542 (Centers the distribution.)
  Scale: 35382.156 (Controls the spread of the distribution.)


## Here is your question:
Question:
What is the percentile of the value 52800.0 within the provided distribution?
Answer:
",29,<answer>29</answer>
"
## You are an expert on statistics. Your task is to estimate the percentile of a number within a specific distribution. Answer with just a numerical response from 0 to 100. Make sure your final answer is enclosed by xml tags <answer> and </answer>

## Consider the following distribution:


  Distribution Type: Gumbel Distribution
  Characteristics: Often used to model the distribution of extreme values.
  Location: 43788.542 (Centers the distribution.)
  Scale: 35382.156 (Controls the spread of the distribution.)


## Here is your question:
Question:
What is the percentile of the value 64800.0 within the provided distribution?
Answer:
",68,<answer>68</answer>
"
## You are an expert on statistics. Your task is to estimate the percentile of a number within a specific distribution. Answer with just a numerical response from 0 to 100. Make sure your final answer is enclosed by xml tags <answer> and </answer>

## Consider the following distribution:


  Distribution Type: Gumbel Distribution
  Characteristics: Often used to model the distribution of extreme values.
  Location: 43788.542 (Centers the distribution.)
  Scale: 35382.156 (Controls the spread of the distribution.)


## Here is your question:
Question:
What is the percentile of the value 64800.0 within the provided distribution?
Answer:
",74,<answer>74</answer>
"
## You are an expert on statistics. Your task is to estimate the percentile of a number within a specific distribution. Answer with just a numerical response from 0 to 100. Make sure your final answer is enclosed by xml tags <answer> and </answer>

## Consider the following distribution:


  Distribution Type: Gumbel Distribution
  Characteristics: Often used to model the distribution of extreme values.
  Location: 43788.542 (Centers the distribution.)
  Scale: 35382.156 (Controls the spread of the distribution.)


## Here is your question:
Question:
What is the percentile of the value 64800.0 within the provided distribution?
Answer:
",79,<answer>79</answer>
"
## You are an expert on statistics. Your task is to estimate the percentile of a number within a specific distribution. Answer with just a numerical response from 0 to 100. Make sure your final answer is enclosed by xml tags <answer> and </answer>

## Consider the following distribution:


  Distribution Type: Gumbel Distribution
  Characteristics: Often used to model the distribution of extreme values.
  Location: 43788.542 (Centers the distribution.)
  Scale: 35382.156 (Controls the spread of the distribution.)


## Here is your question:
Question:
What is the percentile of the value 64800.0 within the provided distribution?
Answer:
",75.57,<answer>75.57</answer>
"
## You are an expert on statistics. Your task is to estimate the percentile of a number within a specific distribution. Answer with just a numerical response from 0 to 100. Make sure your final answer is enclosed by xml tags <answer> and </answer>

## Consider the following distribution:


  Distribution Type: Gumbel Distribution
  Characteristics: Often used to model the distribution of extreme values.
  Location: 43788.542 (Centers the distribution.)
  Scale: 35382.156 (Controls the spread of the distribution.)


## Here is your question:
Question:
What is the percentile of the value 64800.0 within the provided distribution?
Answer:
",74,<answer>74</answer>
"
## You are an expert on statistics. Your task is to estimate the percentile of a number within a specific distribution. Answer with just a numerical response from 0 to 100. Make sure your final answer is enclosed by xml tags <answer> and </answer>

## Consider the following distribution:


  Distribution Type: Gumbel Distribution
  Characteristics: Often used to model the distribution of extreme values.
  Location: 43788.542 (Centers the distribution.)
  Scale: 35382.156 (Controls the spread of the distribution.)


## Here is your question:
Question:
What is the percentile of the value 64800.0 within the provided distribution?
Answer:
",65,<answer>65</answer>
"
## You are an expert on statistics. Your task is to estimate the percentile of a number within a specific distribution. Answer with just a numerical response from 0 to 100. Make sure your final answer is enclosed by xml tags <answer> and </answer>

## Consider the following distribution:


  Distribution Type: Gumbel Distribution
  Characteristics: Often used to model the distribution of extreme values.
  Location: 43788.542 (Centers the distribution.)
  Scale: 35382.156 (Controls the spread of the distribution.)


## Here is your question:
Question:
What is the percentile of the value 64800.0 within the provided distribution?
Answer:
",69,<answer>69</answer>
"
## You are an expert on statistics. Your task is to estimate the percentile of a number within a specific distribution. Answer with just a numerical response from 0 to 100. Make sure your final answer is enclosed by xml tags <answer> and </answer>

## Consider the following distribution:


  Distribution Type: Gumbel Distribution
  Characteristics: Often used to model the distribution of extreme values.
  Location: 43788.542 (Centers the distribution.)
  Scale: 35382.156 (Controls the spread of the distribution.)


## Here is your question:
Question:
What is the percentile of the value 64800.0 within the provided distribution?
Answer:
",75.28,<answer>75.28</answer>
"
## You are an expert on statistics. Your task is to estimate the percentile of a number within a specific distribution. Answer with just a numerical response from 0 to 100. Make sure your final answer is enclosed by xml tags <answer> and </answer>

## Consider the following distribution:


  Distribution Type: Gumbel Distribution
  Characteristics: Often used to model the distribution of extreme values.
  Location: 43788.542 (Centers the distribution.)
  Scale: 35382.156 (Controls the spread of the distribution.)


## Here is your question:
Question:
What is the percentile of the value 64800.0 within the provided distribution?
Answer:
",74,<answer>74</answer>
"
## You are an expert on statistics. Your task is to estimate the percentile of a number within a specific distribution. Answer with just a numerical response from 0 to 100. Make sure your final answer is enclosed by xml tags <answer> and </answer>

## Consider the following distribution:


  Distribution Type: Gumbel Distribution
  Characteristics: Often used to model the distribution of extreme values.
  Location: 43788.542 (Centers the distribution.)
  Scale: 35382.156 (Controls the spread of the distribution.)


## Here is your question:
Question:
What is the percentile of the value 64800.0 within the provided distribution?
Answer:
",75,<answer>75</answer>
"
## You are an expert on statistics. Your task is to estimate the percentile of a number within a specific distribution. Answer with just a numerical response from 0 to 100. Make sure your final answer is enclosed by xml tags <answer> and </answer>

## Consider the following distribution:


  Distribution Type: Gumbel Distribution
  Characteristics: Often used to model the distribution of extreme values.
  Location: 43788.542 (Centers the distribution.)
  Scale: 35382.156 (Controls the spread of the distribution.)


## Here is your question:
Question:
What is the percentile of the value 79000.0 within the provided distribution?
Answer:
",80,<answer>80</answer>
"
## You are an expert on statistics. Your task is to estimate the percentile of a number within a specific distribution. Answer with just a numerical response from 0 to 100. Make sure your final answer is enclosed by xml tags <answer> and </answer>

## Consider the following distribution:


  Distribution Type: Gumbel Distribution
  Characteristics: Often used to model the distribution of extreme values.
  Location: 43788.542 (Centers the distribution.)
  Scale: 35382.156 (Controls the spread of the distribution.)


## Here is your question:
Question:
What is the percentile of the value 79000.0 within the provided distribution?
Answer:
",84,<answer>84</answer>
"
## You are an expert on statistics. Your task is to estimate the percentile of a number within a specific distribution. Answer with just a numerical response from 0 to 100. Make sure your final answer is enclosed by xml tags <answer> and </answer>

## Consider the following distribution:


  Distribution Type: Gumbel Distribution
  Characteristics: Often used to model the distribution of extreme values.
  Location: 43788.542 (Centers the distribution.)
  Scale: 35382.156 (Controls the spread of the distribution.)


## Here is your question:
Question:
What is the percentile of the value 79000.0 within the provided distribution?
Answer:
",79,<answer>79</answer>
"
## You are an expert on statistics. Your task is to estimate the percentile of a number within a specific distribution. Answer with just a numerical response from 0 to 100. Make sure your final answer is enclosed by xml tags <answer> and </answer>

## Consider the following distribution:


  Distribution Type: Gumbel Distribution
  Characteristics: Often used to model the distribution of extreme values.
  Location: 43788.542 (Centers the distribution.)
  Scale: 35382.156 (Controls the spread of the distribution.)


## Here is your question:
Question:
What is the percentile of the value 79000.0 within the provided distribution?
Answer:
",66,<answer>66</answer>
"
## You are an expert on statistics. Your task is to estimate the percentile of a number within a specific distribution. Answer with just a numerical response from 0 to 100. Make sure your final answer is enclosed by xml tags <answer> and </answer>

## Consider the following distribution:


  Distribution Type: Gumbel Distribution
  Characteristics: Often used to model the distribution of extreme values.
  Location: 43788.542 (Centers the distribution.)
  Scale: 35382.156 (Controls the spread of the distribution.)


## Here is your question:
Question:
What is the percentile of the value 79000.0 within the provided distribution?
Answer:
",85,<answer>85</answer>
"
## You are an expert on statistics. Your task is to estimate the percentile of a number within a specific distribution. Answer with just a numerical response from 0 to 100. Make sure your final answer is enclosed by xml tags <answer> and </answer>

## Consider the following distribution:


  Distribution Type: Gumbel Distribution
  Characteristics: Often used to model the distribution of extreme values.
  Location: 43788.542 (Centers the distribution.)
  Scale: 35382.156 (Controls the spread of the distribution.)


## Here is your question:
Question:
What is the percentile of the value 79000.0 within the provided distribution?
Answer:
",84,<answer>84</answer>
"
## You are an expert on statistics. Your task is to estimate the percentile of a number within a specific distribution. Answer with just a numerical response from 0 to 100. Make sure your final answer is enclosed by xml tags <answer> and </answer>

## Consider the following distribution:


  Distribution Type: Gumbel Distribution
  Characteristics: Often used to model the distribution of extreme values.
  Location: 43788.542 (Centers the distribution.)
  Scale: 35382.156 (Controls the spread of the distribution.)


## Here is your question:
Question:
What is the percentile of the value 79000.0 within the provided distribution?
Answer:
",76,<answer>76</answer>
"
## You are an expert on statistics. Your task is to estimate the percentile of a number within a specific distribution. Answer with just a numerical response from 0 to 100. Make sure your final answer is enclosed by xml tags <answer> and </answer>

## Consider the following distribution:


  Distribution Type: Gumbel Distribution
  Characteristics: Often used to model the distribution of extreme values.
  Location: 43788.542 (Centers the distribution.)
  Scale: 35382.156 (Controls the spread of the distribution.)


## Here is your question:
Question:
What is the percentile of the value 79000.0 within the provided distribution?
Answer:
",84,<answer>84</answer>
"
## You are an expert on statistics. Your task is to estimate the percentile of a number within a specific distribution. Answer with just a numerical response from 0 to 100. Make sure your final answer is enclosed by xml tags <answer> and </answer>

## Consider the following distribution:


  Distribution Type: Gumbel Distribution
  Characteristics: Often used to model the distribution of extreme values.
  Location: 43788.542 (Centers the distribution.)
  Scale: 35382.156 (Controls the spread of the distribution.)


## Here is your question:
Question:
What is the percentile of the value 79000.0 within the provided distribution?
Answer:
",65,<answer>65</answer>
"
## You are an expert on statistics. Your task is to estimate the percentile of a number within a specific distribution. Answer with just a numerical response from 0 to 100. Make sure your final answer is enclosed by xml tags <answer> and </answer>

## Consider the following distribution:


  Distribution Type: Gumbel Distribution
  Characteristics: Often used to model the distribution of extreme values.
  Location: 43788.542 (Centers the distribution.)
  Scale: 35382.156 (Controls the spread of the distribution.)


## Here is your question:
Question:
What is the percentile of the value 79000.0 within the provided distribution?
Answer:
",69,<answer>69</answer>
"
## You are an expert on statistics. Your task is to estimate the percentile of a number within a specific distribution. Answer with just a numerical response from 0 to 100. Make sure your final answer is enclosed by xml tags <answer> and </answer>

## Consider the following distribution:


  Distribution Type: Gumbel Distribution
  Characteristics: Often used to model the distribution of extreme values.
  Location: 43788.542 (Centers the distribution.)
  Scale: 35382.156 (Controls the spread of the distribution.)


## Here is your question:
Question:
What is the percentile of the value 99000.0 within the provided distribution?
Answer:
",94,<answer>94</answer>
"
## You are an expert on statistics. Your task is to estimate the percentile of a number within a specific distribution. Answer with just a numerical response from 0 to 100. Make sure your final answer is enclosed by xml tags <answer> and </answer>

## Consider the following distribution:


  Distribution Type: Gumbel Distribution
  Characteristics: Often used to model the distribution of extreme values.
  Location: 43788.542 (Centers the distribution.)
  Scale: 35382.156 (Controls the spread of the distribution.)


## Here is your question:
Question:
What is the percentile of the value 99000.0 within the provided distribution?
Answer:
",93,<answer>93</answer>
"
## You are an expert on statistics. Your task is to estimate the percentile of a number within a specific distribution. Answer with just a numerical response from 0 to 100. Make sure your final answer is enclosed by xml tags <answer> and </answer>

## Consider the following distribution:


  Distribution Type: Gumbel Distribution
  Characteristics: Often used to model the distribution of extreme values.
  Location: 43788.542 (Centers the distribution.)
  Scale: 35382.156 (Controls the spread of the distribution.)


## Here is your question:
Question:
What is the percentile of the value 99000.0 within the provided distribution?
Answer:
",98,<answer>98</answer>
"
## You are an expert on statistics. Your task is to estimate the percentile of a number within a specific distribution. Answer with just a numerical response from 0 to 100. Make sure your final answer is enclosed by xml tags <answer> and </answer>

## Consider the following distribution:


  Distribution Type: Gumbel Distribution
  Characteristics: Often used to model the distribution of extreme values.
  Location: 43788.542 (Centers the distribution.)
  Scale: 35382.156 (Controls the spread of the distribution.)


## Here is your question:
Question:
What is the percentile of the value 99000.0 within the provided distribution?
Answer:
",95,<answer>95</answer>
"
## You are an expert on statistics. Your task is to estimate the percentile of a number within a specific distribution. Answer with just a numerical response from 0 to 100. Make sure your final answer is enclosed by xml tags <answer> and </answer>

## Consider the following distribution:


  Distribution Type: Gumbel Distribution
  Characteristics: Often used to model the distribution of extreme values.
  Location: 43788.542 (Centers the distribution.)
  Scale: 35382.156 (Controls the spread of the distribution.)


## Here is your question:
Question:
What is the percentile of the value 99000.0 within the provided distribution?
Answer:
",95,<answer>95</answer>
"
## You are an expert on statistics. Your task is to estimate the percentile of a number within a specific distribution. Answer with just a numerical response from 0 to 100. Make sure your final answer is enclosed by xml tags <answer> and </answer>

## Consider the following distribution:


  Distribution Type: Gumbel Distribution
  Characteristics: Often used to model the distribution of extreme values.
  Location: 43788.542 (Centers the distribution.)
  Scale: 35382.156 (Controls the spread of the distribution.)


## Here is your question:
Question:
What is the percentile of the value 99000.0 within the provided distribution?
Answer:
",99,<answer>99</answer>
"
## You are an expert on statistics. Your task is to estimate the percentile of a number within a specific distribution. Answer with just a numerical response from 0 to 100. Make sure your final answer is enclosed by xml tags <answer> and </answer>

## Consider the following distribution:


  Distribution Type: Gumbel Distribution
  Characteristics: Often used to model the distribution of extreme values.
  Location: 43788.542 (Centers the distribution.)
  Scale: 35382.156 (Controls the spread of the distribution.)


## Here is your question:
Question:
What is the percentile of the value 99000.0 within the provided distribution?
Answer:
",96,<answer>96</answer>
"
## You are an expert on statistics. Your task is to estimate the percentile of a number within a specific distribution. Answer with just a numerical response from 0 to 100. Make sure your final answer is enclosed by xml tags <answer> and </answer>

## Consider the following distribution:


  Distribution Type: Gumbel Distribution
  Characteristics: Often used to model the distribution of extreme values.
  Location: 43788.542 (Centers the distribution.)
  Scale: 35382.156 (Controls the spread of the distribution.)


## Here is your question:
Question:
What is the percentile of the value 99000.0 within the provided distribution?
Answer:
",99,<answer>99</answer>
"
## You are an expert on statistics. Your task is to estimate the percentile of a number within a specific distribution. Answer with just a numerical response from 0 to 100. Make sure your final answer is enclosed by xml tags <answer> and </answer>

## Consider the following distribution:


  Distribution Type: Gumbel Distribution
  Characteristics: Often used to model the distribution of extreme values.
  Location: 43788.542 (Centers the distribution.)
  Scale: 35382.156 (Controls the spread of the distribution.)


## Here is your question:
Question:
What is the percentile of the value 99000.0 within the provided distribution?
Answer:
",99,<answer>99</answer>
"
## You are an expert on statistics. Your task is to estimate the percentile of a number within a specific distribution. Answer with just a numerical response from 0 to 100. Make sure your final answer is enclosed by xml tags <answer> and </answer>

## Consider the following distribution:


  Distribution Type: Gumbel Distribution
  Characteristics: Often used to model the distribution of extreme values.
  Location: 43788.542 (Centers the distribution.)
  Scale: 35382.156 (Controls the spread of the distribution.)


## Here is your question:
Question:
What is the percentile of the value 99000.0 within the provided distribution?
Answer:
",94,<answer>94</answer>
"
## You are an expert on statistics. Your task is to estimate the percentile of a number within a specific distribution. Answer with just a numerical response from 0 to 100. Make sure your final answer is enclosed by xml tags <answer> and </answer>

## Consider the following distribution:


  Distribution Type: Gumbel Distribution
  Characteristics: Often used to model the distribution of extreme values.
  Location: 43788.542 (Centers the distribution.)
  Scale: 35382.156 (Controls the spread of the distribution.)


## Here is your question:
Question:
What is the percentile of the value 132400.0 within the provided distribution?
Answer:
",99,<answer>99</answer>
"
## You are an expert on statistics. Your task is to estimate the percentile of a number within a specific distribution. Answer with just a numerical response from 0 to 100. Make sure your final answer is enclosed by xml tags <answer> and </answer>

## Consider the following distribution:


  Distribution Type: Gumbel Distribution
  Characteristics: Often used to model the distribution of extreme values.
  Location: 43788.542 (Centers the distribution.)
  Scale: 35382.156 (Controls the spread of the distribution.)


## Here is your question:
Question:
What is the percentile of the value 132400.0 within the provided distribution?
Answer:
",99,<answer>99</answer>
"
## You are an expert on statistics. Your task is to estimate the percentile of a number within a specific distribution. Answer with just a numerical response from 0 to 100. Make sure your final answer is enclosed by xml tags <answer> and </answer>

## Consider the following distribution:


  Distribution Type: Gumbel Distribution
  Characteristics: Often used to model the distribution of extreme values.
  Location: 43788.542 (Centers the distribution.)
  Scale: 35382.156 (Controls the spread of the distribution.)


## Here is your question:
Question:
What is the percentile of the value 132400.0 within the provided distribution?
Answer:
",99,<answer>99</answer>
"
## You are an expert on statistics. Your task is to estimate the percentile of a number within a specific distribution. Answer with just a numerical response from 0 to 100. Make sure your final answer is enclosed by xml tags <answer> and </answer>

## Consider the following distribution:


  Distribution Type: Gumbel Distribution
  Characteristics: Often used to model the distribution of extreme values.
  Location: 43788.542 (Centers the distribution.)
  Scale: 35382.156 (Controls the spread of the distribution.)


## Here is your question:
Question:
What is the percentile of the value 132400.0 within the provided distribution?
Answer:
",99,<answer>99</answer>
"
## You are an expert on statistics. Your task is to estimate the percentile of a number within a specific distribution. Answer with just a numerical response from 0 to 100. Make sure your final answer is enclosed by xml tags <answer> and </answer>

## Consider the following distribution:


  Distribution Type: Gumbel Distribution
  Characteristics: Often used to model the distribution of extreme values.
  Location: 43788.542 (Centers the distribution.)
  Scale: 35382.156 (Controls the spread of the distribution.)


## Here is your question:
Question:
What is the percentile of the value 132400.0 within the provided distribution?
Answer:
",99,<answer>99</answer>
"
## You are an expert on statistics. Your task is to estimate the percentile of a number within a specific distribution. Answer with just a numerical response from 0 to 100. Make sure your final answer is enclosed by xml tags <answer> and </answer>

## Consider the following distribution:


  Distribution Type: Gumbel Distribution
  Characteristics: Often used to model the distribution of extreme values.
  Location: 43788.542 (Centers the distribution.)
  Scale: 35382.156 (Controls the spread of the distribution.)


## Here is your question:
Question:
What is the percentile of the value 132400.0 within the provided distribution?
Answer:
",99,<answer>99</answer>
"
## You are an expert on statistics. Your task is to estimate the percentile of a number within a specific distribution. Answer with just a numerical response from 0 to 100. Make sure your final answer is enclosed by xml tags <answer> and </answer>

## Consider the following distribution:


  Distribution Type: Gumbel Distribution
  Characteristics: Often used to model the distribution of extreme values.
  Location: 43788.542 (Centers the distribution.)
  Scale: 35382.156 (Controls the spread of the distribution.)


## Here is your question:
Question:
What is the percentile of the value 132400.0 within the provided distribution?
Answer:
",99,<answer>99</answer>
"
## You are an expert on statistics. Your task is to estimate the percentile of a number within a specific distribution. Answer with just a numerical response from 0 to 100. Make sure your final answer is enclosed by xml tags <answer> and </answer>

## Consider the following distribution:


  Distribution Type: Gumbel Distribution
  Characteristics: Often used to model the distribution of extreme values.
  Location: 43788.542 (Centers the distribution.)
  Scale: 35382.156 (Controls the spread of the distribution.)


## Here is your question:
Question:
What is the percentile of the value 132400.0 within the provided distribution?
Answer:
",99,<answer>99</answer>
"
## You are an expert on statistics. Your task is to estimate the percentile of a number within a specific distribution. Answer with just a numerical response from 0 to 100. Make sure your final answer is enclosed by xml tags <answer> and </answer>

## Consider the following distribution:


  Distribution Type: Gumbel Distribution
  Characteristics: Often used to model the distribution of extreme values.
  Location: 43788.542 (Centers the distribution.)
  Scale: 35382.156 (Controls the spread of the distribution.)


## Here is your question:
Question:
What is the percentile of the value 132400.0 within the provided distribution?
Answer:
",99,<answer>99</answer>
"
## You are an expert on statistics. Your task is to estimate the percentile of a number within a specific distribution. Answer with just a numerical response from 0 to 100. Make sure your final answer is enclosed by xml tags <answer> and </answer>

## Consider the following distribution:


  Distribution Type: Gumbel Distribution
  Characteristics: Often used to model the distribution of extreme values.
  Location: 43788.542 (Centers the distribution.)
  Scale: 35382.156 (Controls the spread of the distribution.)


## Here is your question:
Question:
What is the percentile of the value 132400.0 within the provided distribution?
Answer:
",99,<answer>99</answer>
"
## You are an expert on statistics. Your task is to estimate the percentile of a number within a specific distribution. Answer with just a numerical response from 0 to 100. Make sure your final answer is enclosed by xml tags <answer> and </answer>

## Consider the following distribution:


  Distribution Type: Gumbel Distribution
  Characteristics: Often used to model the distribution of extreme values.
  Location: 43788.542 (Centers the distribution.)
  Scale: 35382.156 (Controls the spread of the distribution.)


## Here is your question:
Question:
What is the percentile of the value 267000.0 within the provided distribution?
Answer:
",99.08,<answer>99.08</answer>
"
## You are an expert on statistics. Your task is to estimate the percentile of a number within a specific distribution. Answer with just a numerical response from 0 to 100. Make sure your final answer is enclosed by xml tags <answer> and </answer>

## Consider the following distribution:


  Distribution Type: Gumbel Distribution
  Characteristics: Often used to model the distribution of extreme values.
  Location: 43788.542 (Centers the distribution.)
  Scale: 35382.156 (Controls the spread of the distribution.)


## Here is your question:
Question:
What is the percentile of the value 267000.0 within the provided distribution?
Answer:
",99,<answer>99</answer>
"
## You are an expert on statistics. Your task is to estimate the percentile of a number within a specific distribution. Answer with just a numerical response from 0 to 100. Make sure your final answer is enclosed by xml tags <answer> and </answer>

## Consider the following distribution:


  Distribution Type: Gumbel Distribution
  Characteristics: Often used to model the distribution of extreme values.
  Location: 43788.542 (Centers the distribution.)
  Scale: 35382.156 (Controls the spread of the distribution.)


## Here is your question:
Question:
What is the percentile of the value 267000.0 within the provided distribution?
Answer:
",99,<answer>99</answer>
"
## You are an expert on statistics. Your task is to estimate the percentile of a number within a specific distribution. Answer with just a numerical response from 0 to 100. Make sure your final answer is enclosed by xml tags <answer> and </answer>

## Consider the following distribution:


  Distribution Type: Gumbel Distribution
  Characteristics: Often used to model the distribution of extreme values.
  Location: 43788.542 (Centers the distribution.)
  Scale: 35382.156 (Controls the spread of the distribution.)


## Here is your question:
Question:
What is the percentile of the value 267000.0 within the provided distribution?
Answer:
",99,<answer>99</answer>
"
## You are an expert on statistics. Your task is to estimate the percentile of a number within a specific distribution. Answer with just a numerical response from 0 to 100. Make sure your final answer is enclosed by xml tags <answer> and </answer>

## Consider the following distribution:


  Distribution Type: Gumbel Distribution
  Characteristics: Often used to model the distribution of extreme values.
  Location: 43788.542 (Centers the distribution.)
  Scale: 35382.156 (Controls the spread of the distribution.)


## Here is your question:
Question:
What is the percentile of the value 267000.0 within the provided distribution?
Answer:
",99,<answer>99</answer>
"
## You are an expert on statistics. Your task is to estimate the percentile of a number within a specific distribution. Answer with just a numerical response from 0 to 100. Make sure your final answer is enclosed by xml tags <answer> and </answer>

## Consider the following distribution:


  Distribution Type: Gumbel Distribution
  Characteristics: Often used to model the distribution of extreme values.
  Location: 43788.542 (Centers the distribution.)
  Scale: 35382.156 (Controls the spread of the distribution.)


## Here is your question:
Question:
What is the percentile of the value 267000.0 within the provided distribution?
Answer:
",98,<answer>98</answer>
"
## You are an expert on statistics. Your task is to estimate the percentile of a number within a specific distribution. Answer with just a numerical response from 0 to 100. Make sure your final answer is enclosed by xml tags <answer> and </answer>

## Consider the following distribution:


  Distribution Type: Gumbel Distribution
  Characteristics: Often used to model the distribution of extreme values.
  Location: 43788.542 (Centers the distribution.)
  Scale: 35382.156 (Controls the spread of the distribution.)


## Here is your question:
Question:
What is the percentile of the value 267000.0 within the provided distribution?
Answer:
",99,<answer>99</answer>
"
## You are an expert on statistics. Your task is to estimate the percentile of a number within a specific distribution. Answer with just a numerical response from 0 to 100. Make sure your final answer is enclosed by xml tags <answer> and </answer>

## Consider the following distribution:


  Distribution Type: Gumbel Distribution
  Characteristics: Often used to model the distribution of extreme values.
  Location: 43788.542 (Centers the distribution.)
  Scale: 35382.156 (Controls the spread of the distribution.)


## Here is your question:
Question:
What is the percentile of the value 267000.0 within the provided distribution?
Answer:
",99.85,<answer>99.85</answer>
"
## You are an expert on statistics. Your task is to estimate the percentile of a number within a specific distribution. Answer with just a numerical response from 0 to 100. Make sure your final answer is enclosed by xml tags <answer> and </answer>

## Consider the following distribution:


  Distribution Type: Gumbel Distribution
  Characteristics: Often used to model the distribution of extreme values.
  Location: 43788.542 (Centers the distribution.)
  Scale: 35382.156 (Controls the spread of the distribution.)


## Here is your question:
Question:
What is the percentile of the value 267000.0 within the provided distribution?
Answer:
",99,<answer>99</answer>
"
## You are an expert on statistics. Your task is to estimate the percentile of a number within a specific distribution. Answer with just a numerical response from 0 to 100. Make sure your final answer is enclosed by xml tags <answer> and </answer>

## Consider the following distribution:


  Distribution Type: Gumbel Distribution
  Characteristics: Often used to model the distribution of extreme values.
  Location: 43788.542 (Centers the distribution.)
  Scale: 35382.156 (Controls the spread of the distribution.)


## Here is your question:
Question:
What is the percentile of the value 267000.0 within the provided distribution?
Answer:
",99,<answer>99</answer>
